{
  "h6": {
    "mse": 752.3694458007812,
    "mae": 21.097244262695312,
    "rmse": 27.429353725539748
  },
  "h12": {
    "mse": 824.8235473632812,
    "mae": 22.306703567504883,
    "rmse": 28.719741422291413
  },
  "h24": {
    "mse": 906.0517578125,
    "mae": 23.625486373901367,
    "rmse": 30.100693643378055
  },
  "h48": {
    "mse": 1115.14306640625,
    "mae": 26.37594223022461,
    "rmse": 33.3937578958441
  }
}