{
  "h6": {
    "mse": 2.6543164253234863,
    "mae": 1.2204275131225586,
    "rmse": 1.6292072996778177
  },
  "h12": {
    "mse": 4.2510223388671875,
    "mae": 1.5508320331573486,
    "rmse": 2.0618007514954466
  },
  "h24": {
    "mse": 5.988497257232666,
    "mae": 1.8705486059188843,
    "rmse": 2.447140628822272
  },
  "h48": {
    "mse": 9.104808807373047,
    "mae": 2.3137030601501465,
    "rmse": 3.017417572589688
  }
}